{
  "title": "HubSpot, Inc. (HUBS) Q1 2025 Earnings Call",
  "outline": [
    {
      "level": "H1",
      "text": "CORPORATE PARTICIPANTS",
      "page": 2
    },
    {
      "level": "H1",
      "text": "OTHER PARTICIPANTS",
      "page": 2
    },
    {
      "level": "H1",
      "text": "MANAGEMENT DISCUSSION SECTION",
      "page": 3
    },
    {
      "level": "H2",
      "text": "Ryan M. Burkart",
      "page": 3
    },
    {
      "level": "H2",
      "text": "Yamini Rangan",
      "page": 3
    },
    {
      "level": "H2",
      "text": "Kathryn Bueker",
      "page": 6
    },
    {
      "level": "H1",
      "text": "QUESTION AND ANSWER SECTION",
      "page": 8
    },
    {
      "level": "H2",
      "text": "Mark R. Murphy",
      "page": 8
    },
    {
      "level": "H2",
      "text": "Samad Samana",
      "page": 9
    },
    {
      "level": "H2",
      "text": "Arjun Bhatia",
      "page": 9
    },
    {
      "level": "H2",
      "text": "Gabriela Borges",
      "page": 10
    },
    {
      "level": "H2",
      "text": "Alex Zukin",
      "page": 11
    },
    {
      "level": "H2",
      "text": "Rishi Jaluria",
      "page": 12
    },
    {
      "level": "H2",
      "text": "Jeffrey Parker Lane",
      "page": 13
    },
    {
      "level": "H2",
      "text": "Elizabeth Porter",
      "page": 14
    },
    {
      "level": "H2",
      "text": "Brad Sills",
      "page": 14
    },
    {
      "level": "H2",
      "text": "Joshua Reilly",
      "page": 15
    },
    {
      "level": "H2",
      "text": "Keith Bachman",
      "page": 16
    },
    {
      "level": "H2",
      "text": "Ken Wong",
      "page": 16
    },
    {
      "level": "H2",
      "text": "Jackson E. Ader",
      "page": 17
    },
    {
      "level": "H2",
      "text": "Kirk Materne",
      "page": 17
    }
  ]
}