{
  "metadata": {
    "input_documents": [
      "South-of-France-Tipstricks.pdf",
      "South_of_France_Hotels.pdf",
      "South_of_France_Cities.pdf",
      "South_of_France_Todo.pdf",
      "South_of_France_Cuisine.pdf",
      "South-of_France-Traditions.pdf",
      "South_of_France_History.pdf"
    ],
    "persona": "Travel Planner",
    "job_to_be_done": "Plan a 4-day trip for 10 college friends, focusing on budget-friendly activities and accommodation.",
    "processing_timestamp": "2025-07-28T23:05:12.458102"
  },
  "extracted_section": [
    {
      "document": "South_of_France_Hotels.pdf",
      "page_number": 9,
      "section_title": "Budget-Friendly Hotels",
      "importance_rank": 1
    },
    {
      "document": "South_of_France_Todo.pdf",
      "page_number": 4,
      "section_title": "Outdoor Activities",
      "importance_rank": 2
    },
    {
      "document": "South_of_France_Cuisine.pdf",
      "page_number": 4,
      "section_title": "Local Markets and Street Food",
      "importance_rank": 3
    },
    {
      "document": "South_of_France_Cities.pdf",
      "page_number": 3,
      "section_title": "Travel Tips",
      "importance_rank": 4
    },
    {
      "document": "South-of-France-Tipstricks.pdf",
      "page_number": 4,
      "section_title": "Group Travel",
      "importance_rank": 5
    },
    {
      "document": "South_of_France_Todo.pdf",
      "page_number": 6,
      "section_title": "Cultural Experiences",
      "importance_rank": 6
    },
    {
      "document": "South-of-France-Tipstricks.pdf",
      "page_number": 2,
      "section_title": "General Packing Tips and Tricks",
      "importance_rank": 7
    }
  ],
  "sub-section_analysis": [
    {
      "document": "South_of_France_Hotels.pdf",
      "refined_text": "For those seeking affordable accommodation without compromising on comfort, the South of France offers a range of budget-friendly hotels. These establishments provide excellent value for money, making them ideal for students, families, and travelers on a tight budget. Many of these hotels offer dormitory-style rooms perfect for large groups.",
      "page_number": 9
    },
    {
      "document": "South_of_France_Todo.pdf",
      "refined_text": "The diverse landscapes of the South of France offer plenty of opportunities for outdoor adventures that are often free or low-cost. Hiking in the Calanques National Park offers breathtaking views of the turquoise waters and rugged cliffs. Consider kayaking in the Verdon Gorge, often called the 'Grand Canyon of Europe'.",
      "page_number": 4
    },
    {
      "document": "South_of_France_Cuisine.pdf",
      "refined_text": "Exploring local markets is a must-do for any food lover in the South of France. These vibrant markets offer a wide array of fresh produce, regional cheeses, and artisanal products. It's a great way to sample local flavors and enjoy a delicious and affordable meal. Look for Socca, a popular chickpea pancake, which is a cheap and filling street food option.",
      "page_number": 4
    },
    {
      "document": "South_of_France_Cities.pdf",
      "refined_text": "Best Time to Visit : The best time to visit the South of France is during the spring (April to June) and fall (September to October) when the weather is pleasant, and the tourist crowds are smaller.\n\nTransportation : The region is well-connected by an extensive network of trains, buses, and flights. For groups, renting a large van can be more economical than individual train tickets.",
      "page_number": 3
    },
    {
      "document": "South-of-France-Tipstricks.pdf",
      "refined_text": "Traveling in a group comes with its own set of challenges and rewards. Designate a leader for each day to handle navigation and decisions. Use apps like Splitwise to easily track and settle shared expenses. Pre-booking accommodation and popular tours is highly recommended for groups of 10 to ensure availability.",
      "page_number": 4
    }
  ]
}